cat,output
[10],3.256235
[19],14.2404
[25],28.218664
[26],10.049753
[28],29.512809
[30],15.210584
[42],14.111462
[47],26.907595
[65],13.534609
[68],0.2166592